"cutoff","TumorSizeGroup","N","Metastasis_n","Crude_rate","Standardized_rate"
1,"Small",130,57,0.438461538461538,0.567361791682372
1,"Large",13135,7712,0.587133612485725,0.585024651501092
1.1,"Small",217,114,0.525345622119816,0.670680642228315
1.1,"Large",13048,7655,0.586679950950337,0.583762541606328
1.2,"Small",228,118,0.517543859649123,0.662664631190624
1.2,"Large",13037,7651,0.586868144511774,0.583797569543889
1.3,"Small",287,152,0.529616724738676,0.675987051335796
1.3,"Large",12978,7617,0.586916319926029,0.58331579531082
1.4,"Small",322,168,0.521739130434783,0.694505300950521
1.4,"Large",12943,7601,0.587267248705864,0.583110900253469
1.5,"Small",339,179,0.528023598820059,0.701108745431013
1.5,"Large",12926,7590,0.587188612099644,0.582819457673476
1.6,"Small",716,394,0.550279329608939,0.713599699127908
1.6,"Large",12549,7375,0.587696230775361,0.57960725167648
1.7,"Small",800,438,0.5475,0.707831281953827
1.7,"Large",12465,7331,0.588126754913759,0.578874368627564
1.8,"Small",800,438,0.5475,0.707831281953827
1.8,"Large",12465,7331,0.588126754913759,0.578874368627564
1.9,"Small",932,495,0.531115879828326,0.697271876247854
1.9,"Large",12333,7274,0.589799724316873,0.578382579405107
2,"Small",941,499,0.53028692879915,0.696192317438897
2,"Large",12324,7270,0.589905874716001,0.578421544341729
2.1,"Small",1776,939,0.528716216216216,0.649347419902958
2.1,"Large",11489,6830,0.594481678126904,0.577822494262252
2.2,"Small",1778,941,0.529246344206974,0.649595101039593
2.2,"Large",11487,6828,0.594411073387307,0.577607660391186
2.3,"Small",1909,1013,0.530644316396019,0.65321328134803
2.3,"Large",11356,6756,0.594927791475872,0.577450888691379
2.4,"Small",2035,1087,0.534152334152334,0.650769400404824
2.4,"Large",11230,6682,0.595013357079252,0.576919867152166
2.5,"Small",2035,1087,0.534152334152334,0.650769400404824
2.5,"Large",11230,6682,0.595013357079252,0.576919867152166
2.6,"Small",2918,1595,0.546607265250171,0.652961359953881
2.6,"Large",10347,6174,0.596694694114236,0.573209800257276
2.7,"Small",2967,1625,0.547691270643748,0.652553160096025
2.7,"Large",10298,6144,0.596620703049136,0.572562473406855
2.8,"Small",3030,1658,0.547194719471947,0.650010302559843
2.8,"Large",10235,6111,0.597068881289692,0.572878092608924
2.9,"Small",3198,1760,0.550343964978111,0.650538814125098
2.9,"Large",10067,6009,0.596900764875335,0.570981266554771
3,"Small",3198,1760,0.550343964978111,0.650538814125098
3,"Large",10067,6009,0.596900764875335,0.570981266554771
3.1,"Small",4823,2738,0.567696454488907,0.635920133908315
3.1,"Large",8442,5031,0.595948827292111,0.564393521282358
3.2,"Small",4825,2740,0.567875647668394,0.635963213629389
3.2,"Large",8440,5029,0.59585308056872,0.564350167706844
3.3,"Small",5016,2837,0.565590111642743,0.632880871535304
3.3,"Large",8249,4932,0.597890653412535,0.564734653696585
3.4,"Small",5037,2849,0.565614453047449,0.63224143240344
3.4,"Large",8228,4920,0.597958191541079,0.564579088550228
3.5,"Small",5037,2849,0.565614453047449,0.63224143240344
3.5,"Large",8228,4920,0.597958191541079,0.564579088550228
3.6,"Small",6276,3600,0.573613766730402,0.622805130745695
3.6,"Large",6989,4169,0.596508799542138,0.560660660009385
3.7,"Small",6320,3626,0.57373417721519,0.622340165696698
3.7,"Large",6945,4143,0.596544276457883,0.560479526644059
3.8,"Small",6488,3720,0.573366214549938,0.621202756570725
3.8,"Large",6777,4049,0.597462003836506,0.561121234260676
3.9,"Small",6491,3722,0.573409336003697,0.621252808372369
3.9,"Large",6774,4047,0.597431355181577,0.561159536950605
4,"Small",6491,3722,0.573409336003697,0.621252808372369
4,"Large",6774,4047,0.597431355181577,0.561159536950605
4.1,"Small",8265,4848,0.586569872958258,0.617963253638628
4.1,"Large",5000,2921,0.5842,0.546498399698842
4.2,"Small",8268,4851,0.586719883889695,0.618085922690533
4.2,"Large",4997,2918,0.583950370222133,0.546070244399965
4.3,"Small",8387,4931,0.587933706927388,0.618529116270579
4.3,"Large",4878,2838,0.58179581795818,0.544032825576668
4.4,"Small",8387,4931,0.587933706927388,0.618529116270579
4.4,"Large",4878,2838,0.58179581795818,0.544032825576668
4.5,"Small",8402,4939,0.587836229469174,0.618392856861185
4.5,"Large",4863,2830,0.58194530125437,0.544267394014872
4.6,"Small",9356,5504,0.58828559213339,0.611097770696067
4.6,"Large",3909,2265,0.57943207981581,0.545965780489543
4.7,"Small",9375,5515,0.588266666666667,0.610845611000307
4.7,"Large",3890,2254,0.579434447300771,0.545429271079219
4.8,"Small",9451,5560,0.588297534652418,0.610381348130918
4.8,"Large",3814,2209,0.579181961195595,0.545977225287234
4.9,"Small",9451,5560,0.588297534652418,0.610381348130918
4.9,"Large",3814,2209,0.579181961195595,0.545977225287234
5,"Small",9453,5562,0.58838463979689,0.61044241592597
5,"Large",3812,2207,0.578961175236097,0.545638274014416
5.1,"Small",10689,6314,0.590700720366732,0.604508253748655
5.1,"Large",2576,1455,0.564829192546584,0.532741156576276
5.2,"Small",10689,6314,0.590700720366732,0.604508253748655
5.2,"Large",2576,1455,0.564829192546584,0.532741156576276
5.3,"Small",10717,6325,0.590183820098908,0.60394617173108
5.3,"Large",2548,1444,0.566718995290424,0.536736901160973
5.4,"Small",10731,6333,0.590159351411798,0.603956334886275
5.4,"Large",2534,1436,0.566692975532755,0.538835459248665
5.5,"Small",10736,6336,0.590163934426229,0.603928436521136
5.5,"Large",2529,1433,0.566627125345987,0.538841848571661
5.6,"Small",11213,6601,0.588691697137251,0.599661796123901
5.6,"Large",2052,1168,0.569200779727095,0.539885770163797
5.7,"Small",11213,6601,0.588691697137251,0.599661796123901
5.7,"Large",2052,1168,0.569200779727095,0.539885770163797
5.8,"Small",11247,6618,0.588423579621232,0.599309179227818
5.8,"Large",2018,1151,0.570366699702676,0.535767683218223
5.9,"Small",11247,6618,0.588423579621232,0.599309179227818
5.9,"Large",2018,1151,0.570366699702676,0.535767683218223
6,"Small",11250,6619,0.588355555555556,0.599265917867321
6,"Large",2015,1150,0.570719602977667,0.536295634157875
6.1,"Small",11944,7036,0.589082384460817,0.595480409981693
6.1,"Large",1321,733,0.554882664647994,0.536369752357737
6.2,"Small",11944,7036,0.589082384460817,0.595480409981693
6.2,"Large",1321,733,0.554882664647994,0.536369752357737
6.3,"Small",11959,7045,0.589096078267414,0.595300044836821
6.3,"Large",1306,724,0.554364471669219,0.535814182332627
6.4,"Small",11959,7045,0.589096078267414,0.595300044836821
6.4,"Large",1306,724,0.554364471669219,0.535814182332627
6.5,"Small",11960,7046,0.589130434782609,0.595333481183262
6.5,"Large",1305,723,0.554022988505747,0.535626118501682
6.6,"Small",12190,7166,0.58785890073831,0.59296338949646
6.6,"Large",1075,603,0.56093023255814,0.559003452530143
6.7,"Small",12190,7166,0.58785890073831,0.59296338949646
6.7,"Large",1075,603,0.56093023255814,0.559003452530143
6.8,"Small",12201,7169,0.587574788951725,0.592560244456857
6.8,"Large",1064,600,0.56390977443609,0.561879283049098
6.9,"Small",12201,7169,0.587574788951725,0.592560244456857
6.9,"Large",1064,600,0.56390977443609,0.561879283049098
7,"Small",12201,7169,0.587574788951725,0.592560244456857
7,"Large",1064,600,0.56390977443609,0.561879283049098
7.1,"Small",12587,7387,0.586875347580837,0.58977545096987
7.1,"Large",678,382,0.563421828908555,0.565019652923609
7.2,"Small",12587,7387,0.586875347580837,0.58977545096987
7.2,"Large",678,382,0.563421828908555,0.565019652923609
7.3,"Small",12595,7391,0.58682016673283,0.589732682839338
7.3,"Large",670,378,0.564179104477612,0.565553673674282
7.4,"Small",12595,7391,0.58682016673283,0.589732682839338
7.4,"Large",670,378,0.564179104477612,0.565553673674282
7.5,"Small",12595,7391,0.58682016673283,0.589732682839338
7.5,"Large",670,378,0.564179104477612,0.565553673674282
7.6,"Small",12724,7462,0.586450801634706,0.588840465550667
7.6,"Large",541,307,0.567467652495379,0.56347630209787
7.7,"Small",12724,7462,0.586450801634706,0.588840465550667
7.7,"Large",541,307,0.567467652495379,0.56347630209787
7.8,"Small",12731,7464,0.586285444976828,0.588639906862186
7.8,"Large",534,305,0.571161048689139,0.565614037754715
7.9,"Small",12731,7464,0.586285444976828,0.588639906862186
7.9,"Large",534,305,0.571161048689139,0.565614037754715
8,"Small",12731,7464,0.586285444976828,0.588639906862186
8,"Large",534,305,0.571161048689139,0.565614037754715
8.1,"Small",12959,7605,0.586850837255961,0.588145874072888
8.1,"Large",306,164,0.535947712418301,0.513647710977015
8.2,"Small",12959,7605,0.586850837255961,0.588145874072888
8.2,"Large",306,164,0.535947712418301,0.513647710977015
8.3,"Small",12960,7606,0.586882716049383,0.588176379104806
8.3,"Large",305,163,0.534426229508197,0.512921177876203
8.4,"Small",12961,7606,0.586837435383072,0.58811773673331
8.4,"Large",304,163,0.536184210526316,0.513553437837495
8.5,"Small",12961,7606,0.586837435383072,0.58811773673331
8.5,"Large",304,163,0.536184210526316,0.513553437837495
8.6,"Small",13005,7630,0.586697424067666,0.587798825197868
8.6,"Large",260,139,0.534615384615385,0.484352261634584
8.7,"Small",13005,7630,0.586697424067666,0.587798825197868
8.7,"Large",260,139,0.534615384615385,0.484352261634584
8.8,"Small",13007,7631,0.586684093180595,0.587778887934349
8.8,"Large",258,138,0.534883720930233,0.4853341205264
8.9,"Small",13009,7631,0.586593896533169,0.587670862921116
8.9,"Large",256,138,0.5390625,0.486751076775342
9,"Small",13010,7632,0.58662567255957,0.587685154651129
9,"Large",255,137,0.537254901960784,0.486493529825163
9.1,"Small",13131,7702,0.586550910060163,0.587188781560415
9.1,"Large",134,67,0.5,0.451250875020193
9.2,"Small",13131,7702,0.586550910060163,0.587188781560415
9.2,"Large",134,67,0.5,0.451250875020193
9.3,"Small",13131,7702,0.586550910060163,0.587188781560415
9.3,"Large",134,67,0.5,0.451250875020193
9.4,"Small",13134,7703,0.586493071417695,0.587083228407706
9.4,"Large",131,66,0.50381679389313,0.445958254155053
9.5,"Small",13134,7703,0.586493071417695,0.587083228407706
9.5,"Large",131,66,0.50381679389313,0.445958254155053
9.6,"Small",13156,7714,0.586348434174521,0.586778029367439
9.6,"Large",109,55,0.504587155963303,0.423383225333899
9.7,"Small",13157,7715,0.586379873831421,0.586789570465377
9.7,"Large",108,54,0.5,0.418652558648789
9.8,"Small",13157,7715,0.586379873831421,0.586789570465377
9.8,"Large",108,54,0.5,0.418652558648789
9.9,"Small",13160,7716,0.586322188449848,0.586710299258598
9.9,"Large",105,53,0.504761904761905,0.459968589018721
10,"Small",13160,7716,0.586322188449848,0.586710299258598
10,"Large",105,53,0.504761904761905,0.459968589018721
